xai	opt_autoindent
xic	opt_ignorecase
xhl	opt_syntax_hl
xhll	opt_hl_line
xhlw	opt_hl_word
xhlp	opt_hl_pair
xhlr	opt_hl_reverse
xled	opt_line_editor
xtd	opt_text_dir
xshape	opt_shaping
xorder	opt_reorder
xts	opt_tabstop
xish	opt_interactive_shell
xgrp	opt_search_group
xpac	opt_print_autocomplete
xmpt	opt_multiline_prompt
xpr	opt_print_reg
xlim	opt_render_limit
xseq	opt_undo_seq
xerr	opt_error_mode
xfr	opt_find_reg
xrr	opt_record_reg
xvis	opt_startup_flags
xleft	opt_left_col
xrow	cursor_row
xoff	cursor_off
xtop	view_top_row
xquit	quit_state
xbufcur	buf_count
xgrec	vi_ex_depth
xexec_dep	ex_exec_depth
xkmap	cur_keymap
xkmap_alt	keymap_alt
xkwddir	search_dir
xkwdcnt	search_changes
xkwdrs	search_rset
xacreg	autocomplete_filter
xpln	print_newline
xsep	ex_separator
xesc	ex_escape
xregs	str_registers
xregs_n	str_registers_n
xdefreg	default_reg
ex_buf	cur_buf
ex_pbuf	prev_buf
xbufsmax	bufs_max
xbufsalloc	bufs_alloc
xgdep	global_depth
xexp	ex_expand_char
xexe	ex_shell_char
xcid	capture_status
xcid_n	capture_n
xcid_keep	capture_keep
xqprop	quit_propagate
xpret	ex_prev_ret
